GPUs	Time(s)	Speedup	Efficiency(%)
1	9.156343	1.00	100.00
2	5.594964	1.64	81.83
4	4.101600	2.23	55.81
8	2.961734	3.09	38.64
