GPUs	Time(s)	Speedup	Efficiency(%)	Total_Samples
1	9.107037	1.00	100.00	50000
2	9.177526	0.99	49.62	100000
4	9.086447	1.00	25.06	200000
8	9.044278	1.01	12.59	400000
